<?xml version="1.0"?>
<robot xmlns:xacro="http://www.ros.org/wiki/xacro" name="lwr">

  <xacro:include filename="$(find lwr_defs)/defs/kuka_lwr_arm_defs.xml"/>
  <xacro:include filename="$(find lwr_defs)/defs/gazebo_defs.xml"/>
  <xacro:include filename="$(find lwr_defs)/defs/materials.xml"/>

  <link name="world_link">
  
    <inertial>
      <mass value="50.0"/>
      <com xyz="0 0 0"/>
      <inertia  ixx="0.01" ixy="0.00"  ixz="0.00"
                iyy="0.01" iyz="0.00"
                izz="0.01" />
    </inertial>

    <visual>
      <origin xyz="0 0 0.1" rpy="0 0 0"/>
      <geometry>
        <box size="0.2 0.2 0.2"/>
      </geometry>
    </visual>

    <collision>
      <origin xyz="0 0 0.1" rpy="0 0 0"/>
      <geometry>
        <box size="0.1 0.1 0.2"/>
      </geometry>
    </collision> -->
  </link> 
  
  <kuka_lwr_arm parent="world_link" name="lwr" right="1">
    <origin xyz="0 0 0.2" rpy="0 0 0"/>
  </kuka_lwr_arm>

</robot>
